{
    "total_runtime": 44.31076502799988,
    "num_documents": 1,
    "input_load_time": 0,
    "workflows": {
        "create_base_text_units": {
            "overall": 0.35933876037597656,
            "0_orderby": 0.006089448928833008,
            "1_zip": 0.003983736038208008,
            "2_aggregate_override": 0.009907007217407227,
            "3_chunk": 0.2712860107421875,
            "4_select": 0.004006147384643555,
            "5_unroll": 0.00899505615234375,
            "6_rename": 0.0029990673065185547,
            "7_genid": 0.015985727310180664,
            "8_unzip": 0.008012771606445312,
            "9_copy": 0.0060176849365234375,
            "10_filter": 0.020057201385498047
        },
        "create_base_extracted_entities": {
            "overall": 0.5506165027618408,
            "0_entity_extract": 0.5250732898712158,
            "1_merge_graphs": 0.019538402557373047
        },
        "create_summarized_entities": {
            "overall": 0.02570366859436035,
            "0_summarize_descriptions": 0.02057337760925293
        },
        "create_base_entity_graph": {
            "overall": 0.03374600410461426,
            "0_cluster_graph": 0.020507335662841797,
            "1_select": 0.0072383880615234375
        },
        "create_final_entities": {
            "overall": 3.5030646324157715,
            "0_unpack_graph": 0.008004188537597656,
            "1_rename": 0.007000446319580078,
            "2_select": 0.007999420166015625,
            "3_dedupe": 0.009002923965454102,
            "4_rename": 0.00800466537475586,
            "5_filter": 0.03458738327026367,
            "6_text_split": 0.010933160781860352,
            "7_drop": 0.008602142333984375,
            "8_merge": 0.010073184967041016,
            "9_text_embed": 3.3579580783843994,
            "10_drop": 0.010002613067626953,
            "11_filter": 0.02289605140686035
        },
        "create_final_nodes": {
            "overall": 0.21761250495910645,
            "0_layout_graph": 0.027544498443603516,
            "1_unpack_graph": 0.012387990951538086,
            "2_unpack_graph": 0.013518095016479492,
            "3_filter": 0.025243759155273438,
            "4_drop": 0.014218568801879883,
            "5_select": 0.01464700698852539,
            "6_rename": 0.011041402816772461,
            "7_join": 0.0264737606048584,
            "8_convert": 0.04860663414001465,
            "9_rename": 0.01369166374206543
        },
        "create_final_communities": {
            "overall": 0.31363344192504883,
            "0_unpack_graph": 0.013230085372924805,
            "1_unpack_graph": 0.014004707336425781,
            "2_aggregate_override": 0.03000164031982422,
            "3_join": 0.020311355590820312,
            "4_join": 0.018726348876953125,
            "5_concat": 0.015430927276611328,
            "6_filter": 0.035512685775756836,
            "7_aggregate_override": 0.029546499252319336,
            "8_join": 0.022715330123901367,
            "9_filter": 0.033065080642700195,
            "10_fill": 0.016623973846435547,
            "11_merge": 0.016406536102294922,
            "12_copy": 0.016804933547973633,
            "13_select": 0.017210721969604492
        },
        "join_text_units_to_entity_ids": {
            "overall": 0.06835341453552246,
            "0_select": 0.016797304153442383,
            "1_unroll": 0.0179746150970459,
            "2_aggregate_override": 0.018464088439941406
        },
        "create_final_relationships": {
            "overall": 0.23842453956604004,
            "0_unpack_graph": 0.018995046615600586,
            "1_filter": 0.03971695899963379,
            "2_rename": 0.02093982696533203,
            "3_filter": 0.03774309158325195,
            "4_drop": 0.01903390884399414,
            "5_compute_edge_combined_degree": 0.02359771728515625,
            "6_convert": 0.04006695747375488,
            "7_convert": 0.02044844627380371
        },
        "join_text_units_to_relationship_ids": {
            "overall": 0.1032874584197998,
            "0_select": 0.01864910125732422,
            "1_unroll": 0.023839473724365234,
            "2_aggregate_override": 0.02102065086364746,
            "3_select": 0.021094083786010742
        },
        "create_final_community_reports": {
            "overall": 35.78672742843628,
            "0_prepare_community_reports_nodes": 0.021025657653808594,
            "1_prepare_community_reports_edges": 0.023029804229736328,
            "2_restore_community_hierarchy": 0.02369403839111328,
            "3_prepare_community_reports": 0.04706287384033203,
            "4_create_community_reports": 35.630833864212036,
            "5_window": 0.02237391471862793
        },
        "create_final_text_units": {
            "overall": 0.23520803451538086,
            "0_select": 0.02588820457458496,
            "1_rename": 0.037000417709350586,
            "2_join": 0.056124210357666016,
            "3_join": 0.03673505783081055,
            "4_aggregate_override": 0.027269840240478516,
            "5_select": 0.024183034896850586
        },
        "create_base_documents": {
            "overall": 0.27375030517578125,
            "0_unroll": 0.022963285446166992,
            "1_select": 0.0258333683013916,
            "2_rename": 0.027564525604248047,
            "3_join": 0.02597665786743164,
            "4_aggregate_override": 0.026994705200195312,
            "5_join": 0.03971123695373535,
            "6_rename": 0.027134418487548828,
            "7_convert": 0.05562615394592285
        },
        "create_final_documents": {
            "overall": 0.048163652420043945,
            "0_rename": 0.023884057998657227
        }
    }
}