{
    "total_runtime": 152.1872239112854,
    "num_documents": 1,
    "input_load_time": 0,
    "workflows": {
        "create_base_text_units": {
            "overall": 0.2803637981414795,
            "0_orderby": 0.008343696594238281,
            "1_zip": 0.0035119056701660156,
            "2_aggregate_override": 0.0069997310638427734,
            "3_chunk": 0.2232053279876709,
            "4_select": 0.003154754638671875,
            "5_unroll": 0.0065135955810546875,
            "6_rename": 0.003000020980834961,
            "7_genid": 0.0029997825622558594,
            "8_unzip": 0.0035085678100585938,
            "9_copy": 0.0025098323822021484,
            "10_filter": 0.013633966445922852
        },
        "create_base_extracted_entities": {
            "overall": 146.24732565879822,
            "0_entity_extract": 146.23644089698792,
            "1_merge_graphs": 0.007884502410888672
        },
        "create_summarized_entities": {
            "overall": 5.139302968978882,
            "0_summarize_descriptions": 5.135292053222656
        },
        "create_base_entity_graph": {
            "overall": 0.0354771614074707,
            "0_cluster_graph": 0.025477886199951172,
            "1_select": 0.0060007572174072266
        }
    }
}