{
    "total_runtime": 1.6963510513305664,
    "num_documents": 1,
    "input_load_time": 0,
    "workflows": {
        "create_base_text_units": {
            "overall": 0.3523561954498291,
            "0_orderby": 0.0,
            "1_zip": 0.0,
            "2_aggregate_override": 0.01743602752685547,
            "3_chunk": 0.28809118270874023,
            "4_select": 0.004047393798828125,
            "5_unroll": 0.004204511642456055,
            "6_rename": 0.002125263214111328,
            "7_genid": 0.010371923446655273,
            "8_unzip": 0.0023212432861328125,
            "9_copy": 0.0058879852294921875,
            "10_filter": 0.017870664596557617
        },
        "create_base_extracted_entities": {
            "overall": 0.6163303852081299,
            "0_entity_extract": 0.5908944606781006,
            "1_merge_graphs": 0.01687908172607422
        },
        "create_summarized_entities": {
            "overall": 0.060152292251586914,
            "0_summarize_descriptions": 0.04700946807861328
        },
        "create_base_entity_graph": {
            "overall": 0.035805702209472656,
            "0_cluster_graph": 0.015766143798828125,
            "1_select": 0.02003955841064453
        }
    }
}