{
    "total_runtime": 2967.6253538131714,
    "num_documents": 1,
    "input_load_time": 0,
    "workflows": {
        "create_base_text_units": {
            "overall": 0.3243238925933838,
            "0_orderby": 0.005999565124511719,
            "1_zip": 0.003999948501586914,
            "2_aggregate_override": 0.007208585739135742,
            "3_chunk": 0.24514031410217285,
            "4_select": 0.003996610641479492,
            "5_unroll": 0.006414890289306641,
            "6_rename": 0.003996372222900391,
            "7_genid": 0.00800013542175293,
            "8_unzip": 0.007947921752929688,
            "9_copy": 0.005057811737060547,
            "10_filter": 0.024561643600463867
        },
        "create_base_extracted_entities": {
            "overall": 2966.4627301692963,
            "0_entity_extract": 2966.4086475372314,
            "1_merge_graphs": 0.047034263610839844
        },
        "create_summarized_entities": {
            "overall": 0.024409770965576172,
            "0_summarize_descriptions": 0.02045154571533203
        },
        "create_base_entity_graph": {
            "overall": 0.033879995346069336,
            "0_cluster_graph": 0.024343490600585938,
            "1_select": 0.00507664680480957
        }
    }
}