{
    "total_runtime": 2.698887348175049,
    "num_documents": 1,
    "input_load_time": 0,
    "workflows": {
        "create_base_text_units": {
            "overall": 0.3913257122039795,
            "0_orderby": 0.0,
            "1_zip": 0.0,
            "2_aggregate_override": 0.015625715255737305,
            "3_chunk": 0.2503926753997803,
            "4_select": 0.009572505950927734,
            "5_unroll": 0.022773027420043945,
            "6_rename": 0.0077817440032958984,
            "7_genid": 0.017696619033813477,
            "8_unzip": 0.010570049285888672,
            "9_copy": 0.009396791458129883,
            "10_filter": 0.031484127044677734
        },
        "create_base_extracted_entities": {
            "overall": 1.1898298263549805,
            "0_entity_extract": 1.1132421493530273,
            "1_merge_graphs": 0.06743264198303223
        },
        "create_summarized_entities": {
            "overall": 0.06046009063720703,
            "0_summarize_descriptions": 0.05029940605163574
        },
        "create_base_entity_graph": {
            "overall": 0.1130673885345459,
            "0_cluster_graph": 0.06930255889892578,
            "1_select": 0.02756047248840332
        }
    }
}