{"type": "error", "data": "Error Invoking LLM", "stack": "Traceback (most recent call last):\n  File \"F:\\Program\\Pyproject\\GraphRag\\.venv\\Lib\\site-packages\\graphrag\\llm\\base\\base_llm.py\", line 53, in _invoke\n    output = await self._execute_llm(input, **kwargs)\n             ^^^^^^^^^^^^^^^^^^^^^^^^^^^^^^^^^^^^^^^^\n  File \"F:\\Program\\Pyproject\\GraphRag\\.venv\\Lib\\site-packages\\graphrag\\llm\\openai\\openai_embeddings_llm.py\", line 36, in _execute_llm\n    embedding = await self.client.embeddings.create(\n                ^^^^^^^^^^^^^^^^^^^^^^^^^^^^^^^^^^^^\n  File \"F:\\Program\\Pyproject\\GraphRag\\.venv\\Lib\\site-packages\\openai\\resources\\embeddings.py\", line 215, in create\n    return await self._post(\n           ^^^^^^^^^^^^^^^^^\n  File \"F:\\Program\\Pyproject\\GraphRag\\.venv\\Lib\\site-packages\\openai\\_base_client.py\", line 1826, in post\n    return await self.request(cast_to, opts, stream=stream, stream_cls=stream_cls)\n           ^^^^^^^^^^^^^^^^^^^^^^^^^^^^^^^^^^^^^^^^^^^^^^^^^^^^^^^^^^^^^^^^^^^^^^^\n  File \"F:\\Program\\Pyproject\\GraphRag\\.venv\\Lib\\site-packages\\openai\\_base_client.py\", line 1519, in request\n    return await self._request(\n           ^^^^^^^^^^^^^^^^^^^^\n  File \"F:\\Program\\Pyproject\\GraphRag\\.venv\\Lib\\site-packages\\openai\\_base_client.py\", line 1622, in _request\n    return await self._process_response(\n           ^^^^^^^^^^^^^^^^^^^^^^^^^^^^^\n  File \"F:\\Program\\Pyproject\\GraphRag\\.venv\\Lib\\site-packages\\openai\\_base_client.py\", line 1714, in _process_response\n    return await api_response.parse()\n           ^^^^^^^^^^^^^^^^^^^^^^^^^^\n  File \"F:\\Program\\Pyproject\\GraphRag\\.venv\\Lib\\site-packages\\openai\\_response.py\", line 419, in parse\n    parsed = self._options.post_parser(parsed)\n             ^^^^^^^^^^^^^^^^^^^^^^^^^^^^^^^^^\n  File \"F:\\Program\\Pyproject\\GraphRag\\.venv\\Lib\\site-packages\\openai\\resources\\embeddings.py\", line 203, in parser\n    for embedding in obj.data:\nTypeError: 'NoneType' object is not iterable\n", "source": "'NoneType' object is not iterable", "details": {"input": ["\"CHINA\":China, a specific country with a history of prolonged periods of conflict and instability including the Sino-Japanese War during World War II, the signing of the Marco Polo Bridge Incident Agreement, and the events following the Tiananmen Square Massacre, is currently establishing a unique path for national security. Despite this past turmoil, Chinese citizens have consistently prioritized security and peace, particularly in the current era of social harmony and development. The importance of maintaining national security is especially significant given the ongoing conflicts and instability in other parts of the world. China's efforts to ensure national security are responsible for the country's continued stability and order, with countless individuals making sacrifices for the cause without recognition. This commitment to national security has been a crucial factor in China's ongoing prosperity and growth.", "\"SOCIETY\":\"Society refers to the various sectors and groups that contribute to national security.\"", "\"WARRIOR\":\"Warriors are still stationed on the borders of China for the sake of national security.\"", "\"ANTI-DRUG OFFICER\":\"Anti-Drug Officers continue to fight against drug trafficking for the benefit of China.\"", "\"TEACHER\":\"Teachers educate future generations about patriotism and love for the party, continuously contributing to national security by providing human resources for the country's peaceful endeavors.\"", "\"PEOPLE'S HAPPINESS AND WELL-BEING\":\"People's happiness and well-being are fundamental requirements for national security.\"", "\"PILLAR OF PEACE\":\"A pillar of peace is a crucial foundation stone for national security.\"", "\"STRENGTHENING\":\"Strengthening refers to the continuous enhancement of measures for national security.\"", "\"\u4fdd\u5bb6\u536b\u56fd\":\"\u4fdd\u5bb6\u536b\u56fd\u662f\u6307\u52aa\u529b\u7ef4\u62a4\u56fd\u5bb6\u548c\u5e73\u5b89\u5b9a\u7684\u7ec4\u7ec7\u6216\u8005\u884c\u4e3a.\"", "\"\u4eba\u6c11\":\"\u4eba\u6c11\u662f\u6307\u4fdd\u5bb6\u536b\u56fd\u4e3a\u5176\u670d\u52a1\u5e76\u53d7\u76ca\u7684\u7fa4\u4f53.\"", "\"\u56fd\u5bb6\u5b89\u5168\":The entities referred to as \"\u7f51\u7edc\u5b89\u5168\" encompass measures taken by a nation to safeguard its citizens, resources, and interests against both external and internal dangers. This includes protecting critical infrastructure, sensitive information, and national assets from cyber threats, as well as addressing domestic security concerns such as terrorism and insurgency. The term \"\u7f51\u7edc\u5b89\u5168\" is commonly used in China to describe this concept, which can also be referred to as \"\u56fd\u5bb6\u5b89\u5168\" or \"\u56fd\u5bb6\u4fdd\u62a4\". In English, it is often translated as \"national security\" or \"cybersecurity\".", "\"\u4eba\u6c11\u5e78\u798f\u5b89\u5eb7\":\"\u4eba\u6c11\u5e78\u798f\u5b89\u5eb7\u662f\u6307\u4fdd\u6301\u548c\u5e73\u5b89\u5b9a\u7684\u72b6\u6001\u80fd\u591f\u4f7f\u4eba\u6c11\u751f\u6d3b\u5b89\u5168\u548c\u8212\u9002.\"", "\"\u56fd\u5f3a\u5b89\u5168\u89c2\u5ff5\":\"\u56fd\u5f3a\u5b89\u5168\u89c2\u5ff5\u662f\u6307\u5bf9\u56fd\u5bb6\u5b89\u5168\u5177\u6709\u6df1\u523b\u7406\u89e3\u548c\u627f\u8bfa\u7684\u6001\u5ea6\u6216\u8005\u601d\u60f3.\"", "\"\u660e\u8005\u9632\u7978\u4e8e\u672a\u836b\":\"\u660e\u8005\u9632\u7978\u4e8e\u672a\u836b\"\u662f\u6307\u9884\u9632\u5371\u9669\u53d1\u751f\u4e4b\u524d\u5c31\u91c7\u53d6\u63aa\u65bd\u7684\u667a\u6167.\"", "\"\u667a\u8005\u56fe\u60a3\u4e8e\u5c06\u6765\":\"\u667a\u8005\u56fe\u60a3\u4e8e\u5c06\u6765\"\u662f\u6307\u4e3a\u4e86\u907f\u514d\u672a\u6765\u5371\u9669\uff0c\u5728\u5f53\u524d\u5c31\u91c7\u53d6\u63aa\u65bd\u7684\u667a\u6167.\"", "\"CITIZENS\":\"Citizens actively and voluntarily contribute to the protection of national security by proactively monitoring and reporting activities that pose a threat to national security in their daily lives, becoming a self-reliant force for safeguarding the country's security. Just as the residents of Chaoyang reported drug addiction, public gambling, and other activities detrimental to social stability, they have contributed to the protection of national security. In places that remain unseen by us, there are many individuals whose efforts and actions for the sake of national security go unnoticed. When every citizen becomes a self-reliant force for safeguarding national security, what reason do we have to worry about not being able to enjoy a happy life?\""]}}
{"type": "error", "data": "Error executing verb \"text_embed\" in create_final_entities: 'NoneType' object is not iterable", "stack": "Traceback (most recent call last):\n  File \"F:\\Program\\Pyproject\\GraphRag\\.venv\\Lib\\site-packages\\datashaper\\workflow\\workflow.py\", line 415, in _execute_verb\n    result = await result\n             ^^^^^^^^^^^^\n  File \"F:\\Program\\Pyproject\\GraphRag\\.venv\\Lib\\site-packages\\graphrag\\index\\verbs\\text\\embed\\text_embed.py\", line 105, in text_embed\n    return await _text_embed_in_memory(\n           ^^^^^^^^^^^^^^^^^^^^^^^^^^^^\n  File \"F:\\Program\\Pyproject\\GraphRag\\.venv\\Lib\\site-packages\\graphrag\\index\\verbs\\text\\embed\\text_embed.py\", line 130, in _text_embed_in_memory\n    result = await strategy_exec(texts, callbacks, cache, strategy_args)\n             ^^^^^^^^^^^^^^^^^^^^^^^^^^^^^^^^^^^^^^^^^^^^^^^^^^^^^^^^^^^\n  File \"F:\\Program\\Pyproject\\GraphRag\\.venv\\Lib\\site-packages\\graphrag\\index\\verbs\\text\\embed\\strategies\\openai.py\", line 61, in run\n    embeddings = await _execute(llm, text_batches, ticker, semaphore)\n                 ^^^^^^^^^^^^^^^^^^^^^^^^^^^^^^^^^^^^^^^^^^^^^^^^^^^^\n  File \"F:\\Program\\Pyproject\\GraphRag\\.venv\\Lib\\site-packages\\graphrag\\index\\verbs\\text\\embed\\strategies\\openai.py\", line 105, in _execute\n    results = await asyncio.gather(*futures)\n              ^^^^^^^^^^^^^^^^^^^^^^^^^^^^^^\n  File \"D:\\python\\Lib\\asyncio\\tasks.py\", line 339, in __wakeup\n    future.result()\n  File \"D:\\python\\Lib\\asyncio\\tasks.py\", line 267, in __step\n    result = coro.send(None)\n             ^^^^^^^^^^^^^^^\n  File \"F:\\Program\\Pyproject\\GraphRag\\.venv\\Lib\\site-packages\\graphrag\\index\\verbs\\text\\embed\\strategies\\openai.py\", line 99, in embed\n    chunk_embeddings = await llm(chunk)\n                       ^^^^^^^^^^^^^^^^\n  File \"F:\\Program\\Pyproject\\GraphRag\\.venv\\Lib\\site-packages\\graphrag\\llm\\base\\caching_llm.py\", line 104, in __call__\n    result = await self._delegate(input, **kwargs)\n             ^^^^^^^^^^^^^^^^^^^^^^^^^^^^^^^^^^^^^\n  File \"F:\\Program\\Pyproject\\GraphRag\\.venv\\Lib\\site-packages\\graphrag\\llm\\base\\rate_limiting_llm.py\", line 177, in __call__\n    result, start = await execute_with_retry()\n                    ^^^^^^^^^^^^^^^^^^^^^^^^^^\n  File \"F:\\Program\\Pyproject\\GraphRag\\.venv\\Lib\\site-packages\\graphrag\\llm\\base\\rate_limiting_llm.py\", line 159, in execute_with_retry\n    async for attempt in retryer:\n  File \"F:\\Program\\Pyproject\\GraphRag\\.venv\\Lib\\site-packages\\tenacity\\asyncio\\__init__.py\", line 166, in __anext__\n    do = await self.iter(retry_state=self._retry_state)\n         ^^^^^^^^^^^^^^^^^^^^^^^^^^^^^^^^^^^^^^^^^^^^^^\n  File \"F:\\Program\\Pyproject\\GraphRag\\.venv\\Lib\\site-packages\\tenacity\\asyncio\\__init__.py\", line 153, in iter\n    result = await action(retry_state)\n             ^^^^^^^^^^^^^^^^^^^^^^^^^\n  File \"F:\\Program\\Pyproject\\GraphRag\\.venv\\Lib\\site-packages\\tenacity\\_utils.py\", line 99, in inner\n    return call(*args, **kwargs)\n           ^^^^^^^^^^^^^^^^^^^^^\n  File \"F:\\Program\\Pyproject\\GraphRag\\.venv\\Lib\\site-packages\\tenacity\\__init__.py\", line 398, in <lambda>\n    self._add_action_func(lambda rs: rs.outcome.result())\n                                     ^^^^^^^^^^^^^^^^^^^\n  File \"D:\\python\\Lib\\concurrent\\futures\\_base.py\", line 449, in result\n    return self.__get_result()\n           ^^^^^^^^^^^^^^^^^^^\n  File \"D:\\python\\Lib\\concurrent\\futures\\_base.py\", line 401, in __get_result\n    raise self._exception\n  File \"F:\\Program\\Pyproject\\GraphRag\\.venv\\Lib\\site-packages\\graphrag\\llm\\base\\rate_limiting_llm.py\", line 165, in execute_with_retry\n    return await do_attempt(), start\n           ^^^^^^^^^^^^^^^^^^\n  File \"F:\\Program\\Pyproject\\GraphRag\\.venv\\Lib\\site-packages\\graphrag\\llm\\base\\rate_limiting_llm.py\", line 147, in do_attempt\n    return await self._delegate(input, **kwargs)\n           ^^^^^^^^^^^^^^^^^^^^^^^^^^^^^^^^^^^^^\n  File \"F:\\Program\\Pyproject\\GraphRag\\.venv\\Lib\\site-packages\\graphrag\\llm\\base\\base_llm.py\", line 49, in __call__\n    return await self._invoke(input, **kwargs)\n           ^^^^^^^^^^^^^^^^^^^^^^^^^^^^^^^^^^^\n  File \"F:\\Program\\Pyproject\\GraphRag\\.venv\\Lib\\site-packages\\graphrag\\llm\\base\\base_llm.py\", line 53, in _invoke\n    output = await self._execute_llm(input, **kwargs)\n             ^^^^^^^^^^^^^^^^^^^^^^^^^^^^^^^^^^^^^^^^\n  File \"F:\\Program\\Pyproject\\GraphRag\\.venv\\Lib\\site-packages\\graphrag\\llm\\openai\\openai_embeddings_llm.py\", line 36, in _execute_llm\n    embedding = await self.client.embeddings.create(\n                ^^^^^^^^^^^^^^^^^^^^^^^^^^^^^^^^^^^^\n  File \"F:\\Program\\Pyproject\\GraphRag\\.venv\\Lib\\site-packages\\openai\\resources\\embeddings.py\", line 215, in create\n    return await self._post(\n           ^^^^^^^^^^^^^^^^^\n  File \"F:\\Program\\Pyproject\\GraphRag\\.venv\\Lib\\site-packages\\openai\\_base_client.py\", line 1826, in post\n    return await self.request(cast_to, opts, stream=stream, stream_cls=stream_cls)\n           ^^^^^^^^^^^^^^^^^^^^^^^^^^^^^^^^^^^^^^^^^^^^^^^^^^^^^^^^^^^^^^^^^^^^^^^\n  File \"F:\\Program\\Pyproject\\GraphRag\\.venv\\Lib\\site-packages\\openai\\_base_client.py\", line 1519, in request\n    return await self._request(\n           ^^^^^^^^^^^^^^^^^^^^\n  File \"F:\\Program\\Pyproject\\GraphRag\\.venv\\Lib\\site-packages\\openai\\_base_client.py\", line 1622, in _request\n    return await self._process_response(\n           ^^^^^^^^^^^^^^^^^^^^^^^^^^^^^\n  File \"F:\\Program\\Pyproject\\GraphRag\\.venv\\Lib\\site-packages\\openai\\_base_client.py\", line 1714, in _process_response\n    return await api_response.parse()\n           ^^^^^^^^^^^^^^^^^^^^^^^^^^\n  File \"F:\\Program\\Pyproject\\GraphRag\\.venv\\Lib\\site-packages\\openai\\_response.py\", line 419, in parse\n    parsed = self._options.post_parser(parsed)\n             ^^^^^^^^^^^^^^^^^^^^^^^^^^^^^^^^^\n  File \"F:\\Program\\Pyproject\\GraphRag\\.venv\\Lib\\site-packages\\openai\\resources\\embeddings.py\", line 203, in parser\n    for embedding in obj.data:\nTypeError: 'NoneType' object is not iterable\n", "source": "'NoneType' object is not iterable", "details": null}
{"type": "error", "data": "Error running pipeline!", "stack": "Traceback (most recent call last):\n  File \"F:\\Program\\Pyproject\\GraphRag\\.venv\\Lib\\site-packages\\graphrag\\index\\run.py\", line 323, in run_pipeline\n    result = await workflow.run(context, callbacks)\n             ^^^^^^^^^^^^^^^^^^^^^^^^^^^^^^^^^^^^^^\n  File \"F:\\Program\\Pyproject\\GraphRag\\.venv\\Lib\\site-packages\\datashaper\\workflow\\workflow.py\", line 369, in run\n    timing = await self._execute_verb(node, context, callbacks)\n             ^^^^^^^^^^^^^^^^^^^^^^^^^^^^^^^^^^^^^^^^^^^^^^^^^^\n  File \"F:\\Program\\Pyproject\\GraphRag\\.venv\\Lib\\site-packages\\datashaper\\workflow\\workflow.py\", line 415, in _execute_verb\n    result = await result\n             ^^^^^^^^^^^^\n  File \"F:\\Program\\Pyproject\\GraphRag\\.venv\\Lib\\site-packages\\graphrag\\index\\verbs\\text\\embed\\text_embed.py\", line 105, in text_embed\n    return await _text_embed_in_memory(\n           ^^^^^^^^^^^^^^^^^^^^^^^^^^^^\n  File \"F:\\Program\\Pyproject\\GraphRag\\.venv\\Lib\\site-packages\\graphrag\\index\\verbs\\text\\embed\\text_embed.py\", line 130, in _text_embed_in_memory\n    result = await strategy_exec(texts, callbacks, cache, strategy_args)\n             ^^^^^^^^^^^^^^^^^^^^^^^^^^^^^^^^^^^^^^^^^^^^^^^^^^^^^^^^^^^\n  File \"F:\\Program\\Pyproject\\GraphRag\\.venv\\Lib\\site-packages\\graphrag\\index\\verbs\\text\\embed\\strategies\\openai.py\", line 61, in run\n    embeddings = await _execute(llm, text_batches, ticker, semaphore)\n                 ^^^^^^^^^^^^^^^^^^^^^^^^^^^^^^^^^^^^^^^^^^^^^^^^^^^^\n  File \"F:\\Program\\Pyproject\\GraphRag\\.venv\\Lib\\site-packages\\graphrag\\index\\verbs\\text\\embed\\strategies\\openai.py\", line 105, in _execute\n    results = await asyncio.gather(*futures)\n              ^^^^^^^^^^^^^^^^^^^^^^^^^^^^^^\n  File \"D:\\python\\Lib\\asyncio\\tasks.py\", line 339, in __wakeup\n    future.result()\n  File \"D:\\python\\Lib\\asyncio\\tasks.py\", line 267, in __step\n    result = coro.send(None)\n             ^^^^^^^^^^^^^^^\n  File \"F:\\Program\\Pyproject\\GraphRag\\.venv\\Lib\\site-packages\\graphrag\\index\\verbs\\text\\embed\\strategies\\openai.py\", line 99, in embed\n    chunk_embeddings = await llm(chunk)\n                       ^^^^^^^^^^^^^^^^\n  File \"F:\\Program\\Pyproject\\GraphRag\\.venv\\Lib\\site-packages\\graphrag\\llm\\base\\caching_llm.py\", line 104, in __call__\n    result = await self._delegate(input, **kwargs)\n             ^^^^^^^^^^^^^^^^^^^^^^^^^^^^^^^^^^^^^\n  File \"F:\\Program\\Pyproject\\GraphRag\\.venv\\Lib\\site-packages\\graphrag\\llm\\base\\rate_limiting_llm.py\", line 177, in __call__\n    result, start = await execute_with_retry()\n                    ^^^^^^^^^^^^^^^^^^^^^^^^^^\n  File \"F:\\Program\\Pyproject\\GraphRag\\.venv\\Lib\\site-packages\\graphrag\\llm\\base\\rate_limiting_llm.py\", line 159, in execute_with_retry\n    async for attempt in retryer:\n  File \"F:\\Program\\Pyproject\\GraphRag\\.venv\\Lib\\site-packages\\tenacity\\asyncio\\__init__.py\", line 166, in __anext__\n    do = await self.iter(retry_state=self._retry_state)\n         ^^^^^^^^^^^^^^^^^^^^^^^^^^^^^^^^^^^^^^^^^^^^^^\n  File \"F:\\Program\\Pyproject\\GraphRag\\.venv\\Lib\\site-packages\\tenacity\\asyncio\\__init__.py\", line 153, in iter\n    result = await action(retry_state)\n             ^^^^^^^^^^^^^^^^^^^^^^^^^\n  File \"F:\\Program\\Pyproject\\GraphRag\\.venv\\Lib\\site-packages\\tenacity\\_utils.py\", line 99, in inner\n    return call(*args, **kwargs)\n           ^^^^^^^^^^^^^^^^^^^^^\n  File \"F:\\Program\\Pyproject\\GraphRag\\.venv\\Lib\\site-packages\\tenacity\\__init__.py\", line 398, in <lambda>\n    self._add_action_func(lambda rs: rs.outcome.result())\n                                     ^^^^^^^^^^^^^^^^^^^\n  File \"D:\\python\\Lib\\concurrent\\futures\\_base.py\", line 449, in result\n    return self.__get_result()\n           ^^^^^^^^^^^^^^^^^^^\n  File \"D:\\python\\Lib\\concurrent\\futures\\_base.py\", line 401, in __get_result\n    raise self._exception\n  File \"F:\\Program\\Pyproject\\GraphRag\\.venv\\Lib\\site-packages\\graphrag\\llm\\base\\rate_limiting_llm.py\", line 165, in execute_with_retry\n    return await do_attempt(), start\n           ^^^^^^^^^^^^^^^^^^\n  File \"F:\\Program\\Pyproject\\GraphRag\\.venv\\Lib\\site-packages\\graphrag\\llm\\base\\rate_limiting_llm.py\", line 147, in do_attempt\n    return await self._delegate(input, **kwargs)\n           ^^^^^^^^^^^^^^^^^^^^^^^^^^^^^^^^^^^^^\n  File \"F:\\Program\\Pyproject\\GraphRag\\.venv\\Lib\\site-packages\\graphrag\\llm\\base\\base_llm.py\", line 49, in __call__\n    return await self._invoke(input, **kwargs)\n           ^^^^^^^^^^^^^^^^^^^^^^^^^^^^^^^^^^^\n  File \"F:\\Program\\Pyproject\\GraphRag\\.venv\\Lib\\site-packages\\graphrag\\llm\\base\\base_llm.py\", line 53, in _invoke\n    output = await self._execute_llm(input, **kwargs)\n             ^^^^^^^^^^^^^^^^^^^^^^^^^^^^^^^^^^^^^^^^\n  File \"F:\\Program\\Pyproject\\GraphRag\\.venv\\Lib\\site-packages\\graphrag\\llm\\openai\\openai_embeddings_llm.py\", line 36, in _execute_llm\n    embedding = await self.client.embeddings.create(\n                ^^^^^^^^^^^^^^^^^^^^^^^^^^^^^^^^^^^^\n  File \"F:\\Program\\Pyproject\\GraphRag\\.venv\\Lib\\site-packages\\openai\\resources\\embeddings.py\", line 215, in create\n    return await self._post(\n           ^^^^^^^^^^^^^^^^^\n  File \"F:\\Program\\Pyproject\\GraphRag\\.venv\\Lib\\site-packages\\openai\\_base_client.py\", line 1826, in post\n    return await self.request(cast_to, opts, stream=stream, stream_cls=stream_cls)\n           ^^^^^^^^^^^^^^^^^^^^^^^^^^^^^^^^^^^^^^^^^^^^^^^^^^^^^^^^^^^^^^^^^^^^^^^\n  File \"F:\\Program\\Pyproject\\GraphRag\\.venv\\Lib\\site-packages\\openai\\_base_client.py\", line 1519, in request\n    return await self._request(\n           ^^^^^^^^^^^^^^^^^^^^\n  File \"F:\\Program\\Pyproject\\GraphRag\\.venv\\Lib\\site-packages\\openai\\_base_client.py\", line 1622, in _request\n    return await self._process_response(\n           ^^^^^^^^^^^^^^^^^^^^^^^^^^^^^\n  File \"F:\\Program\\Pyproject\\GraphRag\\.venv\\Lib\\site-packages\\openai\\_base_client.py\", line 1714, in _process_response\n    return await api_response.parse()\n           ^^^^^^^^^^^^^^^^^^^^^^^^^^\n  File \"F:\\Program\\Pyproject\\GraphRag\\.venv\\Lib\\site-packages\\openai\\_response.py\", line 419, in parse\n    parsed = self._options.post_parser(parsed)\n             ^^^^^^^^^^^^^^^^^^^^^^^^^^^^^^^^^\n  File \"F:\\Program\\Pyproject\\GraphRag\\.venv\\Lib\\site-packages\\openai\\resources\\embeddings.py\", line 203, in parser\n    for embedding in obj.data:\nTypeError: 'NoneType' object is not iterable\n", "source": "'NoneType' object is not iterable", "details": null}
