{
    "total_runtime": 0.705277681350708,
    "num_documents": 1,
    "input_load_time": 0,
    "workflows": {
        "create_base_text_units": {
            "overall": 0.17557454109191895,
            "0_orderby": 0.0016350746154785156,
            "1_zip": 0.002020597457885742,
            "2_aggregate_override": 0.0031435489654541016,
            "3_chunk": 0.1345055103302002,
            "4_select": 0.0019996166229248047,
            "5_unroll": 0.004137277603149414,
            "6_rename": 0.003000020980834961,
            "7_genid": 0.0035560131072998047,
            "8_unzip": 0.0030295848846435547,
            "9_copy": 0.0029997825622558594,
            "10_filter": 0.013543844223022461
        },
        "create_base_extracted_entities": {
            "overall": 0.03846001625061035,
            "0_entity_extract": 0.028702259063720703,
            "1_merge_graphs": 0.006508350372314453
        },
        "create_summarized_entities": {
            "overall": 0.03886842727661133,
            "0_summarize_descriptions": 0.03485870361328125
        },
        "create_base_entity_graph": {
            "overall": 0.020943880081176758,
            "0_cluster_graph": 0.013487577438354492,
            "1_select": 0.0038938522338867188
        }
    }
}