{"type": "error", "data": "Error executing verb \"cluster_graph\" in create_base_entity_graph: Columns must be same length as key", "stack": "Traceback (most recent call last):\n  File \"/mnt/workspace/CSGraph/venv/lib/python3.10/site-packages/datashaper/workflow/workflow.py\", line 410, in _execute_verb\n    result = node.verb.func(**verb_args)\n  File \"/mnt/workspace/CSGraph/venv/lib/python3.10/site-packages/graphrag/index/verbs/graph/clustering/cluster_graph.py\", line 102, in cluster_graph\n    output_df[[level_to, to]] = pd.DataFrame(\n  File \"/mnt/workspace/CSGraph/venv/lib/python3.10/site-packages/pandas/core/frame.py\", line 4299, in __setitem__\n    self._setitem_array(key, value)\n  File \"/mnt/workspace/CSGraph/venv/lib/python3.10/site-packages/pandas/core/frame.py\", line 4341, in _setitem_array\n    check_key_length(self.columns, key, value)\n  File \"/mnt/workspace/CSGraph/venv/lib/python3.10/site-packages/pandas/core/indexers/utils.py\", line 390, in check_key_length\n    raise ValueError(\"Columns must be same length as key\")\nValueError: Columns must be same length as key\n", "source": "Columns must be same length as key", "details": null}
{"type": "error", "data": "Error running pipeline!", "stack": "Traceback (most recent call last):\n  File \"/mnt/workspace/CSGraph/venv/lib/python3.10/site-packages/graphrag/index/run.py\", line 325, in run_pipeline\n    result = await workflow.run(context, callbacks)\n  File \"/mnt/workspace/CSGraph/venv/lib/python3.10/site-packages/datashaper/workflow/workflow.py\", line 369, in run\n    timing = await self._execute_verb(node, context, callbacks)\n  File \"/mnt/workspace/CSGraph/venv/lib/python3.10/site-packages/datashaper/workflow/workflow.py\", line 410, in _execute_verb\n    result = node.verb.func(**verb_args)\n  File \"/mnt/workspace/CSGraph/venv/lib/python3.10/site-packages/graphrag/index/verbs/graph/clustering/cluster_graph.py\", line 102, in cluster_graph\n    output_df[[level_to, to]] = pd.DataFrame(\n  File \"/mnt/workspace/CSGraph/venv/lib/python3.10/site-packages/pandas/core/frame.py\", line 4299, in __setitem__\n    self._setitem_array(key, value)\n  File \"/mnt/workspace/CSGraph/venv/lib/python3.10/site-packages/pandas/core/frame.py\", line 4341, in _setitem_array\n    check_key_length(self.columns, key, value)\n  File \"/mnt/workspace/CSGraph/venv/lib/python3.10/site-packages/pandas/core/indexers/utils.py\", line 390, in check_key_length\n    raise ValueError(\"Columns must be same length as key\")\nValueError: Columns must be same length as key\n", "source": "Columns must be same length as key", "details": null}
