{
    "total_runtime": 1.877817153930664,
    "num_documents": 1,
    "input_load_time": 0,
    "workflows": {
        "create_base_text_units": {
            "overall": 0.3381843566894531,
            "0_orderby": 0.0,
            "1_zip": 0.0,
            "2_aggregate_override": 0.017045259475708008,
            "3_chunk": 0.24384307861328125,
            "4_select": 0.0,
            "5_unroll": 0.0,
            "6_rename": 0.015004396438598633,
            "7_genid": 0.013839006423950195,
            "8_unzip": 0.006091117858886719,
            "9_copy": 0.004352092742919922,
            "10_filter": 0.02146744728088379
        },
        "create_base_extracted_entities": {
            "overall": 0.7688865661621094,
            "0_entity_extract": 0.7532625198364258,
            "1_merge_graphs": 0.015624046325683594
        },
        "create_summarized_entities": {
            "overall": 0.04299306869506836,
            "0_summarize_descriptions": 0.04299306869506836
        },
        "create_base_entity_graph": {
            "overall": 0.07522153854370117,
            "0_cluster_graph": 0.04656648635864258,
            "1_select": 0.01564192771911621
        }
    }
}