{
    "total_runtime": 2.151439905166626,
    "num_documents": 1,
    "input_load_time": 0,
    "workflows": {
        "create_base_text_units": {
            "overall": 0.39804959297180176,
            "0_orderby": 0.008916378021240234,
            "1_zip": 0.005481243133544922,
            "2_aggregate_override": 0.008882284164428711,
            "3_chunk": 0.3103158473968506,
            "4_select": 0.004998445510864258,
            "5_unroll": 0.007544040679931641,
            "6_rename": 0.005010128021240234,
            "7_genid": 0.007155895233154297,
            "8_unzip": 0.006072282791137695,
            "9_copy": 0.0051364898681640625,
            "10_filter": 0.025339126586914062
        },
        "create_base_extracted_entities": {
            "overall": 0.8279423713684082,
            "0_entity_extract": 0.7969932556152344,
            "1_merge_graphs": 0.02509021759033203
        },
        "create_summarized_entities": {
            "overall": 0.06231975555419922,
            "0_summarize_descriptions": 0.0496821403503418
        },
        "create_base_entity_graph": {
            "overall": 0.0979318618774414,
            "0_cluster_graph": 0.06353020668029785,
            "1_select": 0.0220029354095459
        }
    }
}