{"type": "error", "data": "Error Invoking LLM", "stack": "Traceback (most recent call last):\n  File \"F:\\Program\\Pyproject\\GraphRag\\.venv\\Lib\\site-packages\\graphrag\\llm\\base\\base_llm.py\", line 53, in _invoke\n    output = await self._execute_llm(input, **kwargs)\n             ^^^^^^^^^^^^^^^^^^^^^^^^^^^^^^^^^^^^^^^^\n  File \"F:\\Program\\Pyproject\\GraphRag\\.venv\\Lib\\site-packages\\graphrag\\llm\\openai\\openai_embeddings_llm.py\", line 36, in _execute_llm\n    embedding = await self.client.embeddings.create(\n                ^^^^^^^^^^^^^^^^^^^^^^^^^^^^^^^^^^^^\n  File \"F:\\Program\\Pyproject\\GraphRag\\.venv\\Lib\\site-packages\\openai\\resources\\embeddings.py\", line 215, in create\n    return await self._post(\n           ^^^^^^^^^^^^^^^^^\n  File \"F:\\Program\\Pyproject\\GraphRag\\.venv\\Lib\\site-packages\\openai\\_base_client.py\", line 1826, in post\n    return await self.request(cast_to, opts, stream=stream, stream_cls=stream_cls)\n           ^^^^^^^^^^^^^^^^^^^^^^^^^^^^^^^^^^^^^^^^^^^^^^^^^^^^^^^^^^^^^^^^^^^^^^^\n  File \"F:\\Program\\Pyproject\\GraphRag\\.venv\\Lib\\site-packages\\openai\\_base_client.py\", line 1519, in request\n    return await self._request(\n           ^^^^^^^^^^^^^^^^^^^^\n  File \"F:\\Program\\Pyproject\\GraphRag\\.venv\\Lib\\site-packages\\openai\\_base_client.py\", line 1622, in _request\n    return await self._process_response(\n           ^^^^^^^^^^^^^^^^^^^^^^^^^^^^^\n  File \"F:\\Program\\Pyproject\\GraphRag\\.venv\\Lib\\site-packages\\openai\\_base_client.py\", line 1714, in _process_response\n    return await api_response.parse()\n           ^^^^^^^^^^^^^^^^^^^^^^^^^^\n  File \"F:\\Program\\Pyproject\\GraphRag\\.venv\\Lib\\site-packages\\openai\\_response.py\", line 419, in parse\n    parsed = self._options.post_parser(parsed)\n             ^^^^^^^^^^^^^^^^^^^^^^^^^^^^^^^^^\n  File \"F:\\Program\\Pyproject\\GraphRag\\.venv\\Lib\\site-packages\\openai\\resources\\embeddings.py\", line 203, in parser\n    for embedding in obj.data:\nTypeError: 'NoneType' object is not iterable\n", "source": "'NoneType' object is not iterable", "details": {"input": ["\"THE UNCONSCIOUS COMPANY\":true", "\"SCROOGE\":", "\"THE SPIRIT\":", "\"VISITING SICK-BEDS, FOREIGN LANDS, POVERTY, ALMSHOUSES, HOSPITALS, AND GAOLS\":", "\"PROJECT GUTENBERG\u2122\":\"Project Gutenberg\u2122 is a organization that produces and distributes eBooks for forty years with the help of volunteer support.\"", "\"MICHAEL S. HART\":\"Michael S. Hart produced and distributed Project Gutenberg\u2122 eBooks for forty years with only a loose network of volunteer support.\"", "\"PROJECT GUTENBERG LITERARY ARCHIVE FOUNDATION\":\"The Project Gutenberg Literary Archive Foundation is mentioned as a way to make donations to the Project Gutenberg\u2122 organization.\"", "\"EMAIL NEWSLETTER\":\"The email newsletter is mentioned as a way to hear about new eBooks produced by Project Gutenberg\u2122.\"", "\"WEBSITE\":\"The website www.gutenberg.org is mentioned as the main search facility for Project Gutenberg\u2122.\"", "\"CONFIRMATION OF COPYRIGHT PROTECTION\":\"The confirmation of copyright protection for Project Gutenberg\u2122 eBooks in the U.S. Is mentioned, unless a copyright notice is included.\"", "\"PRINTED EDITIONS\":\"The printed editions are mentioned as a source for creating Project Gutenberg\u2122 eBooks, but it is not confirmed whether they are protected by copyright in the U.S.\""]}}
{"type": "error", "data": "Error executing verb \"text_embed\" in create_final_entities: 'NoneType' object is not iterable", "stack": "Traceback (most recent call last):\n  File \"F:\\Program\\Pyproject\\GraphRag\\.venv\\Lib\\site-packages\\datashaper\\workflow\\workflow.py\", line 415, in _execute_verb\n    result = await result\n             ^^^^^^^^^^^^\n  File \"F:\\Program\\Pyproject\\GraphRag\\.venv\\Lib\\site-packages\\graphrag\\index\\verbs\\text\\embed\\text_embed.py\", line 105, in text_embed\n    return await _text_embed_in_memory(\n           ^^^^^^^^^^^^^^^^^^^^^^^^^^^^\n  File \"F:\\Program\\Pyproject\\GraphRag\\.venv\\Lib\\site-packages\\graphrag\\index\\verbs\\text\\embed\\text_embed.py\", line 130, in _text_embed_in_memory\n    result = await strategy_exec(texts, callbacks, cache, strategy_args)\n             ^^^^^^^^^^^^^^^^^^^^^^^^^^^^^^^^^^^^^^^^^^^^^^^^^^^^^^^^^^^\n  File \"F:\\Program\\Pyproject\\GraphRag\\.venv\\Lib\\site-packages\\graphrag\\index\\verbs\\text\\embed\\strategies\\openai.py\", line 61, in run\n    embeddings = await _execute(llm, text_batches, ticker, semaphore)\n                 ^^^^^^^^^^^^^^^^^^^^^^^^^^^^^^^^^^^^^^^^^^^^^^^^^^^^\n  File \"F:\\Program\\Pyproject\\GraphRag\\.venv\\Lib\\site-packages\\graphrag\\index\\verbs\\text\\embed\\strategies\\openai.py\", line 105, in _execute\n    results = await asyncio.gather(*futures)\n              ^^^^^^^^^^^^^^^^^^^^^^^^^^^^^^\n  File \"D:\\python\\Lib\\asyncio\\tasks.py\", line 339, in __wakeup\n    future.result()\n  File \"D:\\python\\Lib\\asyncio\\tasks.py\", line 267, in __step\n    result = coro.send(None)\n             ^^^^^^^^^^^^^^^\n  File \"F:\\Program\\Pyproject\\GraphRag\\.venv\\Lib\\site-packages\\graphrag\\index\\verbs\\text\\embed\\strategies\\openai.py\", line 99, in embed\n    chunk_embeddings = await llm(chunk)\n                       ^^^^^^^^^^^^^^^^\n  File \"F:\\Program\\Pyproject\\GraphRag\\.venv\\Lib\\site-packages\\graphrag\\llm\\base\\caching_llm.py\", line 104, in __call__\n    result = await self._delegate(input, **kwargs)\n             ^^^^^^^^^^^^^^^^^^^^^^^^^^^^^^^^^^^^^\n  File \"F:\\Program\\Pyproject\\GraphRag\\.venv\\Lib\\site-packages\\graphrag\\llm\\base\\rate_limiting_llm.py\", line 177, in __call__\n    result, start = await execute_with_retry()\n                    ^^^^^^^^^^^^^^^^^^^^^^^^^^\n  File \"F:\\Program\\Pyproject\\GraphRag\\.venv\\Lib\\site-packages\\graphrag\\llm\\base\\rate_limiting_llm.py\", line 159, in execute_with_retry\n    async for attempt in retryer:\n  File \"F:\\Program\\Pyproject\\GraphRag\\.venv\\Lib\\site-packages\\tenacity\\asyncio\\__init__.py\", line 166, in __anext__\n    do = await self.iter(retry_state=self._retry_state)\n         ^^^^^^^^^^^^^^^^^^^^^^^^^^^^^^^^^^^^^^^^^^^^^^\n  File \"F:\\Program\\Pyproject\\GraphRag\\.venv\\Lib\\site-packages\\tenacity\\asyncio\\__init__.py\", line 153, in iter\n    result = await action(retry_state)\n             ^^^^^^^^^^^^^^^^^^^^^^^^^\n  File \"F:\\Program\\Pyproject\\GraphRag\\.venv\\Lib\\site-packages\\tenacity\\_utils.py\", line 99, in inner\n    return call(*args, **kwargs)\n           ^^^^^^^^^^^^^^^^^^^^^\n  File \"F:\\Program\\Pyproject\\GraphRag\\.venv\\Lib\\site-packages\\tenacity\\__init__.py\", line 398, in <lambda>\n    self._add_action_func(lambda rs: rs.outcome.result())\n                                     ^^^^^^^^^^^^^^^^^^^\n  File \"D:\\python\\Lib\\concurrent\\futures\\_base.py\", line 449, in result\n    return self.__get_result()\n           ^^^^^^^^^^^^^^^^^^^\n  File \"D:\\python\\Lib\\concurrent\\futures\\_base.py\", line 401, in __get_result\n    raise self._exception\n  File \"F:\\Program\\Pyproject\\GraphRag\\.venv\\Lib\\site-packages\\graphrag\\llm\\base\\rate_limiting_llm.py\", line 165, in execute_with_retry\n    return await do_attempt(), start\n           ^^^^^^^^^^^^^^^^^^\n  File \"F:\\Program\\Pyproject\\GraphRag\\.venv\\Lib\\site-packages\\graphrag\\llm\\base\\rate_limiting_llm.py\", line 147, in do_attempt\n    return await self._delegate(input, **kwargs)\n           ^^^^^^^^^^^^^^^^^^^^^^^^^^^^^^^^^^^^^\n  File \"F:\\Program\\Pyproject\\GraphRag\\.venv\\Lib\\site-packages\\graphrag\\llm\\base\\base_llm.py\", line 49, in __call__\n    return await self._invoke(input, **kwargs)\n           ^^^^^^^^^^^^^^^^^^^^^^^^^^^^^^^^^^^\n  File \"F:\\Program\\Pyproject\\GraphRag\\.venv\\Lib\\site-packages\\graphrag\\llm\\base\\base_llm.py\", line 53, in _invoke\n    output = await self._execute_llm(input, **kwargs)\n             ^^^^^^^^^^^^^^^^^^^^^^^^^^^^^^^^^^^^^^^^\n  File \"F:\\Program\\Pyproject\\GraphRag\\.venv\\Lib\\site-packages\\graphrag\\llm\\openai\\openai_embeddings_llm.py\", line 36, in _execute_llm\n    embedding = await self.client.embeddings.create(\n                ^^^^^^^^^^^^^^^^^^^^^^^^^^^^^^^^^^^^\n  File \"F:\\Program\\Pyproject\\GraphRag\\.venv\\Lib\\site-packages\\openai\\resources\\embeddings.py\", line 215, in create\n    return await self._post(\n           ^^^^^^^^^^^^^^^^^\n  File \"F:\\Program\\Pyproject\\GraphRag\\.venv\\Lib\\site-packages\\openai\\_base_client.py\", line 1826, in post\n    return await self.request(cast_to, opts, stream=stream, stream_cls=stream_cls)\n           ^^^^^^^^^^^^^^^^^^^^^^^^^^^^^^^^^^^^^^^^^^^^^^^^^^^^^^^^^^^^^^^^^^^^^^^\n  File \"F:\\Program\\Pyproject\\GraphRag\\.venv\\Lib\\site-packages\\openai\\_base_client.py\", line 1519, in request\n    return await self._request(\n           ^^^^^^^^^^^^^^^^^^^^\n  File \"F:\\Program\\Pyproject\\GraphRag\\.venv\\Lib\\site-packages\\openai\\_base_client.py\", line 1622, in _request\n    return await self._process_response(\n           ^^^^^^^^^^^^^^^^^^^^^^^^^^^^^\n  File \"F:\\Program\\Pyproject\\GraphRag\\.venv\\Lib\\site-packages\\openai\\_base_client.py\", line 1714, in _process_response\n    return await api_response.parse()\n           ^^^^^^^^^^^^^^^^^^^^^^^^^^\n  File \"F:\\Program\\Pyproject\\GraphRag\\.venv\\Lib\\site-packages\\openai\\_response.py\", line 419, in parse\n    parsed = self._options.post_parser(parsed)\n             ^^^^^^^^^^^^^^^^^^^^^^^^^^^^^^^^^\n  File \"F:\\Program\\Pyproject\\GraphRag\\.venv\\Lib\\site-packages\\openai\\resources\\embeddings.py\", line 203, in parser\n    for embedding in obj.data:\nTypeError: 'NoneType' object is not iterable\n", "source": "'NoneType' object is not iterable", "details": null}
{"type": "error", "data": "Error running pipeline!", "stack": "Traceback (most recent call last):\n  File \"F:\\Program\\Pyproject\\GraphRag\\.venv\\Lib\\site-packages\\graphrag\\index\\run.py\", line 323, in run_pipeline\n    result = await workflow.run(context, callbacks)\n             ^^^^^^^^^^^^^^^^^^^^^^^^^^^^^^^^^^^^^^\n  File \"F:\\Program\\Pyproject\\GraphRag\\.venv\\Lib\\site-packages\\datashaper\\workflow\\workflow.py\", line 369, in run\n    timing = await self._execute_verb(node, context, callbacks)\n             ^^^^^^^^^^^^^^^^^^^^^^^^^^^^^^^^^^^^^^^^^^^^^^^^^^\n  File \"F:\\Program\\Pyproject\\GraphRag\\.venv\\Lib\\site-packages\\datashaper\\workflow\\workflow.py\", line 415, in _execute_verb\n    result = await result\n             ^^^^^^^^^^^^\n  File \"F:\\Program\\Pyproject\\GraphRag\\.venv\\Lib\\site-packages\\graphrag\\index\\verbs\\text\\embed\\text_embed.py\", line 105, in text_embed\n    return await _text_embed_in_memory(\n           ^^^^^^^^^^^^^^^^^^^^^^^^^^^^\n  File \"F:\\Program\\Pyproject\\GraphRag\\.venv\\Lib\\site-packages\\graphrag\\index\\verbs\\text\\embed\\text_embed.py\", line 130, in _text_embed_in_memory\n    result = await strategy_exec(texts, callbacks, cache, strategy_args)\n             ^^^^^^^^^^^^^^^^^^^^^^^^^^^^^^^^^^^^^^^^^^^^^^^^^^^^^^^^^^^\n  File \"F:\\Program\\Pyproject\\GraphRag\\.venv\\Lib\\site-packages\\graphrag\\index\\verbs\\text\\embed\\strategies\\openai.py\", line 61, in run\n    embeddings = await _execute(llm, text_batches, ticker, semaphore)\n                 ^^^^^^^^^^^^^^^^^^^^^^^^^^^^^^^^^^^^^^^^^^^^^^^^^^^^\n  File \"F:\\Program\\Pyproject\\GraphRag\\.venv\\Lib\\site-packages\\graphrag\\index\\verbs\\text\\embed\\strategies\\openai.py\", line 105, in _execute\n    results = await asyncio.gather(*futures)\n              ^^^^^^^^^^^^^^^^^^^^^^^^^^^^^^\n  File \"D:\\python\\Lib\\asyncio\\tasks.py\", line 339, in __wakeup\n    future.result()\n  File \"D:\\python\\Lib\\asyncio\\tasks.py\", line 267, in __step\n    result = coro.send(None)\n             ^^^^^^^^^^^^^^^\n  File \"F:\\Program\\Pyproject\\GraphRag\\.venv\\Lib\\site-packages\\graphrag\\index\\verbs\\text\\embed\\strategies\\openai.py\", line 99, in embed\n    chunk_embeddings = await llm(chunk)\n                       ^^^^^^^^^^^^^^^^\n  File \"F:\\Program\\Pyproject\\GraphRag\\.venv\\Lib\\site-packages\\graphrag\\llm\\base\\caching_llm.py\", line 104, in __call__\n    result = await self._delegate(input, **kwargs)\n             ^^^^^^^^^^^^^^^^^^^^^^^^^^^^^^^^^^^^^\n  File \"F:\\Program\\Pyproject\\GraphRag\\.venv\\Lib\\site-packages\\graphrag\\llm\\base\\rate_limiting_llm.py\", line 177, in __call__\n    result, start = await execute_with_retry()\n                    ^^^^^^^^^^^^^^^^^^^^^^^^^^\n  File \"F:\\Program\\Pyproject\\GraphRag\\.venv\\Lib\\site-packages\\graphrag\\llm\\base\\rate_limiting_llm.py\", line 159, in execute_with_retry\n    async for attempt in retryer:\n  File \"F:\\Program\\Pyproject\\GraphRag\\.venv\\Lib\\site-packages\\tenacity\\asyncio\\__init__.py\", line 166, in __anext__\n    do = await self.iter(retry_state=self._retry_state)\n         ^^^^^^^^^^^^^^^^^^^^^^^^^^^^^^^^^^^^^^^^^^^^^^\n  File \"F:\\Program\\Pyproject\\GraphRag\\.venv\\Lib\\site-packages\\tenacity\\asyncio\\__init__.py\", line 153, in iter\n    result = await action(retry_state)\n             ^^^^^^^^^^^^^^^^^^^^^^^^^\n  File \"F:\\Program\\Pyproject\\GraphRag\\.venv\\Lib\\site-packages\\tenacity\\_utils.py\", line 99, in inner\n    return call(*args, **kwargs)\n           ^^^^^^^^^^^^^^^^^^^^^\n  File \"F:\\Program\\Pyproject\\GraphRag\\.venv\\Lib\\site-packages\\tenacity\\__init__.py\", line 398, in <lambda>\n    self._add_action_func(lambda rs: rs.outcome.result())\n                                     ^^^^^^^^^^^^^^^^^^^\n  File \"D:\\python\\Lib\\concurrent\\futures\\_base.py\", line 449, in result\n    return self.__get_result()\n           ^^^^^^^^^^^^^^^^^^^\n  File \"D:\\python\\Lib\\concurrent\\futures\\_base.py\", line 401, in __get_result\n    raise self._exception\n  File \"F:\\Program\\Pyproject\\GraphRag\\.venv\\Lib\\site-packages\\graphrag\\llm\\base\\rate_limiting_llm.py\", line 165, in execute_with_retry\n    return await do_attempt(), start\n           ^^^^^^^^^^^^^^^^^^\n  File \"F:\\Program\\Pyproject\\GraphRag\\.venv\\Lib\\site-packages\\graphrag\\llm\\base\\rate_limiting_llm.py\", line 147, in do_attempt\n    return await self._delegate(input, **kwargs)\n           ^^^^^^^^^^^^^^^^^^^^^^^^^^^^^^^^^^^^^\n  File \"F:\\Program\\Pyproject\\GraphRag\\.venv\\Lib\\site-packages\\graphrag\\llm\\base\\base_llm.py\", line 49, in __call__\n    return await self._invoke(input, **kwargs)\n           ^^^^^^^^^^^^^^^^^^^^^^^^^^^^^^^^^^^\n  File \"F:\\Program\\Pyproject\\GraphRag\\.venv\\Lib\\site-packages\\graphrag\\llm\\base\\base_llm.py\", line 53, in _invoke\n    output = await self._execute_llm(input, **kwargs)\n             ^^^^^^^^^^^^^^^^^^^^^^^^^^^^^^^^^^^^^^^^\n  File \"F:\\Program\\Pyproject\\GraphRag\\.venv\\Lib\\site-packages\\graphrag\\llm\\openai\\openai_embeddings_llm.py\", line 36, in _execute_llm\n    embedding = await self.client.embeddings.create(\n                ^^^^^^^^^^^^^^^^^^^^^^^^^^^^^^^^^^^^\n  File \"F:\\Program\\Pyproject\\GraphRag\\.venv\\Lib\\site-packages\\openai\\resources\\embeddings.py\", line 215, in create\n    return await self._post(\n           ^^^^^^^^^^^^^^^^^\n  File \"F:\\Program\\Pyproject\\GraphRag\\.venv\\Lib\\site-packages\\openai\\_base_client.py\", line 1826, in post\n    return await self.request(cast_to, opts, stream=stream, stream_cls=stream_cls)\n           ^^^^^^^^^^^^^^^^^^^^^^^^^^^^^^^^^^^^^^^^^^^^^^^^^^^^^^^^^^^^^^^^^^^^^^^\n  File \"F:\\Program\\Pyproject\\GraphRag\\.venv\\Lib\\site-packages\\openai\\_base_client.py\", line 1519, in request\n    return await self._request(\n           ^^^^^^^^^^^^^^^^^^^^\n  File \"F:\\Program\\Pyproject\\GraphRag\\.venv\\Lib\\site-packages\\openai\\_base_client.py\", line 1622, in _request\n    return await self._process_response(\n           ^^^^^^^^^^^^^^^^^^^^^^^^^^^^^\n  File \"F:\\Program\\Pyproject\\GraphRag\\.venv\\Lib\\site-packages\\openai\\_base_client.py\", line 1714, in _process_response\n    return await api_response.parse()\n           ^^^^^^^^^^^^^^^^^^^^^^^^^^\n  File \"F:\\Program\\Pyproject\\GraphRag\\.venv\\Lib\\site-packages\\openai\\_response.py\", line 419, in parse\n    parsed = self._options.post_parser(parsed)\n             ^^^^^^^^^^^^^^^^^^^^^^^^^^^^^^^^^\n  File \"F:\\Program\\Pyproject\\GraphRag\\.venv\\Lib\\site-packages\\openai\\resources\\embeddings.py\", line 203, in parser\n    for embedding in obj.data:\nTypeError: 'NoneType' object is not iterable\n", "source": "'NoneType' object is not iterable", "details": null}
